<?xml version="1.0" encoding="UTF-8"?><rss version="2.0"
	xmlns:content="http://purl.org/rss/1.0/modules/content/"
	xmlns:wfw="http://wellformedweb.org/CommentAPI/"
	xmlns:dc="http://purl.org/dc/elements/1.1/"
	xmlns:atom="http://www.w3.org/2005/Atom"
	xmlns:sy="http://purl.org/rss/1.0/modules/syndication/"
	xmlns:slash="http://purl.org/rss/1.0/modules/slash/"
	>

<channel>
	<title></title>
	<atom:link href="/feed/" rel="self" type="application/rss+xml" />
	<link>/</link>
	<description></description>
	<lastBuildDate>Sat, 30 Nov 2024 01:04:18 +0000</lastBuildDate>
	<language>en-US</language>
	<sy:updatePeriod>
	hourly	</sy:updatePeriod>
	<sy:updateFrequency>
	1	</sy:updateFrequency>
	<generator>https://wordpress.org/?v=6.7.1</generator>
	<item>
		<title>Portafolio</title>
		<link>/portafolio/</link>
					<comments>/portafolio/#respond</comments>
		
		<dc:creator><![CDATA[Bryanservs]]></dc:creator>
		<pubDate>Sat, 30 Nov 2024 00:46:31 +0000</pubDate>
				<category><![CDATA[Uncategorized]]></category>
		<guid isPermaLink="false">/?p=629</guid>

					<description><![CDATA[Portafolio ¡Bienvenido a mi portafolio! Aquí encontrarás una selección de mis trabajos en redes sociales y diseño web. Espero que disfrutes navegando por mi portafolio y descubras más sobre mis habilidades y experiencia profesional. FARFAN Intermedio UI, UX and Web Design 3 Años de experiencia Roles de marketing Digital intermedio Creación de Contenido Intermedio Gestión [&#8230;]]]></description>
										<content:encoded><![CDATA[		<div data-elementor-type="wp-post" data-elementor-id="629" class="elementor elementor-629" data-elementor-post-type="post">
				<div class="elementor-element elementor-element-4f429442 e-flex e-con-boxed e-con e-parent" data-id="4f429442" data-element_type="container">
					<div class="e-con-inner">
				<div class="elementor-element elementor-element-79b40539 mdw-gradient elementor-invisible elementor-widget elementor-widget-heading" data-id="79b40539" data-element_type="widget" data-settings="{&quot;_animation&quot;:&quot;fadeInUp&quot;}" data-widget_type="heading.default">
				<div class="elementor-widget-container">
					<h2 class="elementor-heading-title elementor-size-default">Portafolio</h2>				</div>
				</div>
				<div class="elementor-element elementor-element-6482fe0e elementor-widget__width-initial elementor-invisible elementor-widget elementor-widget-text-editor" data-id="6482fe0e" data-element_type="widget" data-settings="{&quot;_animation&quot;:&quot;fadeIn&quot;}" data-widget_type="text-editor.default">
				<div class="elementor-widget-container">
									<p>¡Bienvenido a mi portafolio! Aquí encontrarás una selección de mis trabajos en redes sociales y diseño web. Espero que disfrutes navegando por mi portafolio y descubras más sobre mis habilidades y experiencia profesional.</p>								</div>
				</div>
				<div class="elementor-element elementor-element-59d4df51 elementor-widget elementor-widget-html" data-id="59d4df51" data-element_type="widget" data-widget_type="html.default">
				<div class="elementor-widget-container">
					<style>
.mdw-card-portfolio{
    --image-height: 77vh;
    --image-width: 62vh;
    --maximum-move: 80vh;
    --maximum-rotate: 6deg;
}
.mdw-gradient{
    --gradient-color-1: #302a27;
    --gradient-color-2: #965f39;
    --gradient-color-3: #e1a57d;
    --gradient-color-4: #afd3ec;
    --gradient-color-5: #445f88;
}

/* Tablet Device */

@media (max-width: 1024px){
.mdw-card-portfolio{
    --image-height: 77vh;
    --image-width: 62vh;
    --maximum-move: 65vh;
    --maximum-rotate: 6deg;
}
}


/* Mobile Device */

@media (max-width: 767px){
.mdw-card-portfolio{
    --image-height: 450px;
    --image-width: 375px;
    --maximum-move: 350px;
    --maximum-rotate: 3deg;
}
}

html, body{
    overflow-x: hidden;
}
.elementor-edit-area .animated {
    animation-fill-mode: forwards!important;
}
.mdw-card-portfolio-image-left,
.mdw-card-portfolio-image-right{
    will-change: transform;
}
.mdw-card-portfolio-image-left img,
.mdw-card-portfolio-image-right img{
    width: var(--image-width);
    height: var(--image-height);
    object-fit: cover;
}


/* CSS code for gradient background */

.mdw-gradient .elementor-widget-container{
    background: var(--gradient-color-1,#fff);
    background: linear-gradient(90deg, var(--gradient-color-1,#fff) 0%, var(--gradient-color-2,#fff) 25%, var(--gradient-color-3,#fff) 50%, var(--gradient-color-4,#fff) 75%, var(--gradient-color-5,#fff) 100%);
}
.mdw-gradient.elementor-widget-heading .elementor-widget-container{
    -webkit-background-clip: text;
    -webkit-text-fill-color: transparent;
}


/* CSS code for bottom email box */

.mdw-email-box .elementor-widget-container{
    cursor: pointer;
}
.mdw-email-box .elementor-heading-title{
    transition: all 0.2s ease-in-out;
    word-break: break-all;
    text-align: center;
}
.mdw-email-box .elementor-widget-container:hover .elementor-heading-title{
    transform: scale(0.98);
}
.mdw-email-copy{
    height: var(--min-height,22px);
}
.mdw-email-copy .e-con-inner{
    height: auto;
}
.mdw-email-copy .elementor-widget{
    transition: all 0.2s ease-in-out;
}
.mdw-email-copy.copy .elementor-widget{
    transform: translateY(-100%);
}
.mdw-email-copy.copied .elementor-widget{
    transform: translateY(-200%);
}


/* CSS code for improving entrance animation */

.fadeInUp {
    animation: mdwFadeInUp 1s ease-in-out forwards !important;
}
.fadeIn {
    animation: fadeIn 1.3s ease-in-out 0.5s forwards !important;
    opacity: 0;
}

@keyframes mdwFadeInUp{
0%{
    transform: translateY(50px);
    opacity: 0;
    clip-path: polygon(0 0, 100% 0, 100% 0, 0 0);
}
100%{
    transform: translateY(0);
    opacity: 1;
    clip-path: polygon(0 0, 100% 0, 100% 100%, 0% 100%);
}
}

@media (max-width: 767px){
.mdw-card-portfolio-image-left{
    transition: all 0.6s ease-in-out;
    transform: translateX(-30px) rotate(-1deg) !important;
}
.mdw-card-portfolio-image-right{
    transition: all 0.6s ease-in-out;
    transform: translateX(30px) rotate(1deg) !important;
}
.mdw-card-portfolio.passed .mdw-card-portfolio-image-left{
    transition: all 0.8s ease-in-out;
    transform: translateX(calc(-1*var(--maximum-move))) rotate(calc(-1*var(--maximum-rotate))) !important;
}
.mdw-card-portfolio.passed .mdw-card-portfolio-image-right{
    transition: all 0.8s ease-in-out;
    transform: translateX(calc(1*var(--maximum-move))) rotate(calc(1*var(--maximum-rotate))) !important;
}
}

</style>



<script src="https://code.jquery.com/jquery-3.6.0.min.js"></script>
<script>
var $ = jQuery

$(window).on('load scroll resize', function(){

$('.mdw-card-portfolio').each(function(){
    var $this = $(this),
    sectionHeight = $this.outerHeight(),
    windowHeight = $(window).height(),
    scrollValue = $(window).scrollTop() - $this.offset().top + windowHeight,
    bottomPassValue = $(window).scrollTop() - $this.offset().top - sectionHeight,
    easeSpeed = 3,
    easeValue
    
    if( $(window).width() > 767 ){
        
        if(scrollValue < 0 || bottomPassValue > 0) return
        
        easeValue = 1 - 1/Math.pow(2, scrollValue*easeSpeed/sectionHeight)
        
        $this.find('.mdw-card-portfolio-image-left').css('transform', 'translateX(calc(' + (-1*easeValue) + '* var(--maximum-move))) rotate(calc(' + (-1*easeValue) + '*var(--maximum-rotate)))')
        $this.find('.mdw-card-portfolio-image-right').css('transform', 'translateX(calc(' + (1*easeValue) + '* var(--maximum-move))) rotate(calc(' + (1*easeValue) + '*var(--maximum-rotate)))')
    }else{
        $this.removeClass('passed')
        if( scrollValue - windowHeight*1/2 > 0 ) $this.addClass('passed')
    }
    
})
})

$(document).ready(function(){
    
$('.mdw-email-box .elementor-widget-container').hover(function(){
    $('.mdw-email-copy').addClass('copy')
}, function(){
    $('.mdw-email-copy').removeClass('copy copied')
})

$('.mdw-email-box .elementor-widget-container').on('click', function(){
    navigator.clipboard.writeText($('.mdw-email-box').text())
    $('.mdw-email-copy').addClass('copied')
})
})

</script><script src="https://code.jquery.com/jquery-3.6.0.min.js"></script>
<script>
var $ = jQuery

$(window).on('load scroll resize', function(){

$('.mdw-card-portfolio').each(function(){
    var $this = $(this),
    sectionHeight = $this.outerHeight(),
    windowHeight = $(window).height(),
    scrollValue = $(window).scrollTop() - $this.offset().top + windowHeight,
    bottomPassValue = $(window).scrollTop() - $this.offset().top - sectionHeight,
    easeSpeed = 3,
    easeValue
    
    if( $(window).width() > 767 ){
        
        if(scrollValue < 0 || bottomPassValue > 0) return
        
        easeValue = 1 - 1/Math.pow(2, scrollValue*easeSpeed/sectionHeight)
        
        $this.find('.mdw-card-portfolio-image-left').css('transform', 'translateX(calc(' + (-1*easeValue) + '* var(--maximum-move))) rotate(calc(' + (-1*easeValue) + '*var(--maximum-rotate)))')
        $this.find('.mdw-card-portfolio-image-right').css('transform', 'translateX(calc(' + (1*easeValue) + '* var(--maximum-move))) rotate(calc(' + (1*easeValue) + '*var(--maximum-rotate)))')
    }else{
        $this.removeClass('passed')
        if( scrollValue - windowHeight*1/2 > 0 ) $this.addClass('passed')
    }
    
})
})

$(document).ready(function(){
    
$('.mdw-email-box .elementor-widget-container').hover(function(){
    $('.mdw-email-copy').addClass('copy')
}, function(){
    $('.mdw-email-copy').removeClass('copy copied')
})

$('.mdw-email-box .elementor-widget-container').on('click', function(){
    navigator.clipboard.writeText($('.mdw-email-box').text())
    $('.mdw-email-copy').addClass('copied')
})
})

</script>				</div>
				</div>
					</div>
				</div>
		<div class="elementor-element elementor-element-54efd0ea e-flex e-con-boxed e-con e-parent" data-id="54efd0ea" data-element_type="container" data-settings="{&quot;background_background&quot;:&quot;classic&quot;}">
					<div class="e-con-inner">
		<div class="elementor-element elementor-element-4d2c630d e-con-full e-flex e-con e-child" data-id="4d2c630d" data-element_type="container">
				<div class="elementor-element elementor-element-3e0ec65 elementor-widget elementor-widget-image" data-id="3e0ec65" data-element_type="widget" data-settings="{&quot;motion_fx_motion_fx_mouse&quot;:&quot;yes&quot;,&quot;motion_fx_tilt_effect&quot;:&quot;yes&quot;,&quot;motion_fx_tilt_speed&quot;:{&quot;unit&quot;:&quot;px&quot;,&quot;size&quot;:4,&quot;sizes&quot;:[]}}" data-widget_type="image.default">
				<div class="elementor-widget-container">
															<img fetchpriority="high" decoding="async" width="985" height="1444" src="http://bryan-services.local/wp-content/uploads/2024/11/24.png" class="attachment-full size-full wp-image-623" alt="" srcset="http://bryan-services.local/wp-content/uploads/2024/11/24.png 985w, http://bryan-services.local/wp-content/uploads/2024/11/24-205x300.png 205w, http://bryan-services.local/wp-content/uploads/2024/11/24-699x1024.png 699w, http://bryan-services.local/wp-content/uploads/2024/11/24-768x1126.png 768w" sizes="(max-width: 985px) 100vw, 985px" />															</div>
				</div>
				<div class="elementor-element elementor-element-6e591244 elementor-widget elementor-widget-heading" data-id="6e591244" data-element_type="widget" data-widget_type="heading.default">
				<div class="elementor-widget-container">
					<h1 class="elementor-heading-title elementor-size-default">FARFAN</h1>				</div>
				</div>
				</div>
		<div class="elementor-element elementor-element-4b9e4151 e-grid e-con-full e-con e-child" data-id="4b9e4151" data-element_type="container">
				<div class="elementor-element elementor-element-5d2835ba elementor-widget elementor-widget-image-box" data-id="5d2835ba" data-element_type="widget" data-widget_type="image-box.default">
				<div class="elementor-widget-container">
					<div class="elementor-image-box-wrapper"><div class="elementor-image-box-content"><h3 class="elementor-image-box-title">Intermedio</h3><p class="elementor-image-box-description">UI, UX and Web Design</p></div></div>				</div>
				</div>
				<div class="elementor-element elementor-element-7269385b elementor-widget elementor-widget-image-box" data-id="7269385b" data-element_type="widget" data-widget_type="image-box.default">
				<div class="elementor-widget-container">
					<div class="elementor-image-box-wrapper"><div class="elementor-image-box-content"><h3 class="elementor-image-box-title">3 Años de experiencia</h3><p class="elementor-image-box-description">Roles de marketing Digital</p></div></div>				</div>
				</div>
				<div class="elementor-element elementor-element-53487460 elementor-widget elementor-widget-image-box" data-id="53487460" data-element_type="widget" data-widget_type="image-box.default">
				<div class="elementor-widget-container">
					<div class="elementor-image-box-wrapper"><div class="elementor-image-box-content"><h3 class="elementor-image-box-title">intermedio</h3><p class="elementor-image-box-description">Creación de Contenido</p></div></div>				</div>
				</div>
				<div class="elementor-element elementor-element-69335e62 elementor-widget elementor-widget-image-box" data-id="69335e62" data-element_type="widget" data-widget_type="image-box.default">
				<div class="elementor-widget-container">
					<div class="elementor-image-box-wrapper"><div class="elementor-image-box-content"><h3 class="elementor-image-box-title">Intermedio</h3><p class="elementor-image-box-description">Gestión de cuentas</p></div></div>				</div>
				</div>
				<div class="elementor-element elementor-element-6d92437a elementor-widget elementor-widget-image-box" data-id="6d92437a" data-element_type="widget" data-widget_type="image-box.default">
				<div class="elementor-widget-container">
					<div class="elementor-image-box-wrapper"><div class="elementor-image-box-content"><h3 class="elementor-image-box-title">Básico</h3><p class="elementor-image-box-description">Meta ADS, Google ADS y Tiktok ADS</p></div></div>				</div>
				</div>
				<div class="elementor-element elementor-element-6a880f89 elementor-widget elementor-widget-image-box" data-id="6a880f89" data-element_type="widget" data-widget_type="image-box.default">
				<div class="elementor-widget-container">
					<div class="elementor-image-box-wrapper"><div class="elementor-image-box-content"><h3 class="elementor-image-box-title">Intermedio</h3><p class="elementor-image-box-description">Copywriting and SEO</p></div></div>				</div>
				</div>
				</div>
				<div class="elementor-element elementor-element-5c3d2971 elementor-absolute elementor-align-center elementor-widget elementor-widget-lottie" data-id="5c3d2971" data-element_type="widget" data-settings="{&quot;source_json&quot;:{&quot;url&quot;:&quot;http:\/\/bryan-services.local\/wp-content\/uploads\/2024\/11\/Animation-1715098008856-1.json&quot;,&quot;id&quot;:449,&quot;size&quot;:&quot;&quot;,&quot;alt&quot;:&quot;&quot;,&quot;source&quot;:&quot;library&quot;},&quot;loop&quot;:&quot;yes&quot;,&quot;_position&quot;:&quot;absolute&quot;,&quot;source&quot;:&quot;media_file&quot;,&quot;caption_source&quot;:&quot;none&quot;,&quot;link_to&quot;:&quot;none&quot;,&quot;trigger&quot;:&quot;arriving_to_viewport&quot;,&quot;viewport&quot;:{&quot;unit&quot;:&quot;%&quot;,&quot;size&quot;:&quot;&quot;,&quot;sizes&quot;:{&quot;start&quot;:0,&quot;end&quot;:100}},&quot;play_speed&quot;:{&quot;unit&quot;:&quot;px&quot;,&quot;size&quot;:1,&quot;sizes&quot;:[]},&quot;start_point&quot;:{&quot;unit&quot;:&quot;%&quot;,&quot;size&quot;:0,&quot;sizes&quot;:[]},&quot;end_point&quot;:{&quot;unit&quot;:&quot;%&quot;,&quot;size&quot;:100,&quot;sizes&quot;:[]},&quot;renderer&quot;:&quot;svg&quot;}" data-widget_type="lottie.default">
				<div class="elementor-widget-container">
					<div class="e-lottie__container"><div class="e-lottie__animation"></div></div>				</div>
				</div>
				<div class="elementor-element elementor-element-2cdffa81 elementor-absolute elementor-shape-rounded elementor-grid-0 e-grid-align-center elementor-widget elementor-widget-social-icons" data-id="2cdffa81" data-element_type="widget" data-settings="{&quot;_position&quot;:&quot;absolute&quot;}" data-widget_type="social-icons.default">
				<div class="elementor-widget-container">
							<div class="elementor-social-icons-wrapper elementor-grid">
							<span class="elementor-grid-item">
					<a class="elementor-icon elementor-social-icon elementor-social-icon-linkedin elementor-repeater-item-366fe11" target="_blank">
						<span class="elementor-screen-only">Linkedin</span>
						<svg class="e-font-icon-svg e-fab-linkedin" viewBox="0 0 448 512" xmlns="http://www.w3.org/2000/svg"><path d="M416 32H31.9C14.3 32 0 46.5 0 64.3v383.4C0 465.5 14.3 480 31.9 480H416c17.6 0 32-14.5 32-32.3V64.3c0-17.8-14.4-32.3-32-32.3zM135.4 416H69V202.2h66.5V416zm-33.2-243c-21.3 0-38.5-17.3-38.5-38.5S80.9 96 102.2 96c21.2 0 38.5 17.3 38.5 38.5 0 21.3-17.2 38.5-38.5 38.5zm282.1 243h-66.4V312c0-24.8-.5-56.7-34.5-56.7-34.6 0-39.9 27-39.9 54.9V416h-66.4V202.2h63.7v29.2h.9c8.9-16.8 30.6-34.5 62.9-34.5 67.2 0 79.7 44.3 79.7 101.9V416z"></path></svg>					</a>
				</span>
							<span class="elementor-grid-item">
					<a class="elementor-icon elementor-social-icon elementor-social-icon-behance elementor-repeater-item-153198c" target="_blank">
						<span class="elementor-screen-only">Behance</span>
						<svg class="e-font-icon-svg e-fab-behance" viewBox="0 0 576 512" xmlns="http://www.w3.org/2000/svg"><path d="M232 237.2c31.8-15.2 48.4-38.2 48.4-74 0-70.6-52.6-87.8-113.3-87.8H0v354.4h171.8c64.4 0 124.9-30.9 124.9-102.9 0-44.5-21.1-77.4-64.7-89.7zM77.9 135.9H151c28.1 0 53.4 7.9 53.4 40.5 0 30.1-19.7 42.2-47.5 42.2h-79v-82.7zm83.3 233.7H77.9V272h84.9c34.3 0 56 14.3 56 50.6 0 35.8-25.9 47-57.6 47zm358.5-240.7H376V94h143.7v34.9zM576 305.2c0-75.9-44.4-139.2-124.9-139.2-78.2 0-131.3 58.8-131.3 135.8 0 79.9 50.3 134.7 131.3 134.7 61.3 0 101-27.6 120.1-86.3H509c-6.7 21.9-34.3 33.5-55.7 33.5-41.3 0-63-24.2-63-65.3h185.1c.3-4.2.6-8.7.6-13.2zM390.4 274c2.3-33.7 24.7-54.8 58.5-54.8 35.4 0 53.2 20.8 56.2 54.8H390.4z"></path></svg>					</a>
				</span>
							<span class="elementor-grid-item">
					<a class="elementor-icon elementor-social-icon elementor-social-icon-instagram elementor-repeater-item-9ffc797" target="_blank">
						<span class="elementor-screen-only">Instagram</span>
						<svg class="e-font-icon-svg e-fab-instagram" viewBox="0 0 448 512" xmlns="http://www.w3.org/2000/svg"><path d="M224.1 141c-63.6 0-114.9 51.3-114.9 114.9s51.3 114.9 114.9 114.9S339 319.5 339 255.9 287.7 141 224.1 141zm0 189.6c-41.1 0-74.7-33.5-74.7-74.7s33.5-74.7 74.7-74.7 74.7 33.5 74.7 74.7-33.6 74.7-74.7 74.7zm146.4-194.3c0 14.9-12 26.8-26.8 26.8-14.9 0-26.8-12-26.8-26.8s12-26.8 26.8-26.8 26.8 12 26.8 26.8zm76.1 27.2c-1.7-35.9-9.9-67.7-36.2-93.9-26.2-26.2-58-34.4-93.9-36.2-37-2.1-147.9-2.1-184.9 0-35.8 1.7-67.6 9.9-93.9 36.1s-34.4 58-36.2 93.9c-2.1 37-2.1 147.9 0 184.9 1.7 35.9 9.9 67.7 36.2 93.9s58 34.4 93.9 36.2c37 2.1 147.9 2.1 184.9 0 35.9-1.7 67.7-9.9 93.9-36.2 26.2-26.2 34.4-58 36.2-93.9 2.1-37 2.1-147.8 0-184.8zM398.8 388c-7.8 19.6-22.9 34.7-42.6 42.6-29.5 11.7-99.5 9-132.1 9s-102.7 2.6-132.1-9c-19.6-7.8-34.7-22.9-42.6-42.6-11.7-29.5-9-99.5-9-132.1s-2.6-102.7 9-132.1c7.8-19.6 22.9-34.7 42.6-42.6 29.5-11.7 99.5-9 132.1-9s102.7-2.6 132.1 9c19.6 7.8 34.7 22.9 42.6 42.6 11.7 29.5 9 99.5 9 132.1s2.7 102.7-9 132.1z"></path></svg>					</a>
				</span>
					</div>
						</div>
				</div>
					</div>
				</div>
		<div class="elementor-element elementor-element-72269a30 e-con-full e-flex e-con e-parent" data-id="72269a30" data-element_type="container" data-settings="{&quot;background_background&quot;:&quot;classic&quot;}">
		<div class="elementor-element elementor-element-1564101d e-con-full e-flex e-con e-child" data-id="1564101d" data-element_type="container" data-settings="{&quot;background_background&quot;:&quot;classic&quot;}">
				<div class="elementor-element elementor-element-4ca711ef elementor-flip-box--effect-flip elementor-flip-box--direction-up elementor-widget elementor-widget-flip-box" data-id="4ca711ef" data-element_type="widget" data-widget_type="flip-box.default">
				<div class="elementor-widget-container">
							<div class="elementor-flip-box" tabindex="0">
			<div class="elementor-flip-box__layer elementor-flip-box__front">
				<div class="elementor-flip-box__layer__overlay">
					<div class="elementor-flip-box__layer__inner">
						
						
											</div>
				</div>
			</div>
			<div class="elementor-flip-box__layer elementor-flip-box__back">
			<div class="elementor-flip-box__layer__overlay">
				<div class="elementor-flip-box__layer__inner">
					
					
								</div>
		</div>
		</div>
		</div>
						</div>
				</div>
				<div class="elementor-element elementor-element-21c420c9 elementor-widget elementor-widget-counter" data-id="21c420c9" data-element_type="widget" data-widget_type="counter.default">
				<div class="elementor-widget-container">
							<div class="elementor-counter">
						<div class="elementor-counter-number-wrapper">
				<span class="elementor-counter-number-prefix"></span>
				<span class="elementor-counter-number" data-duration="2000" data-to-value="98" data-from-value="0" data-delimiter=",">0</span>
				<span class="elementor-counter-number-suffix">%</span>
			</div>
		</div>
						</div>
				</div>
				<div class="elementor-element elementor-element-7cd9ed9e elementor-widget elementor-widget-heading" data-id="7cd9ed9e" data-element_type="widget" data-widget_type="heading.default">
				<div class="elementor-widget-container">
					<h2 class="elementor-heading-title elementor-size-default">WORDPRESS</h2>				</div>
				</div>
				</div>
		<div class="elementor-element elementor-element-712a79 e-con-full e-flex e-con e-child" data-id="712a79" data-element_type="container" data-settings="{&quot;background_background&quot;:&quot;classic&quot;}">
				<div class="elementor-element elementor-element-5016d015 elementor-flip-box--effect-flip elementor-flip-box--direction-up elementor-widget elementor-widget-flip-box" data-id="5016d015" data-element_type="widget" data-widget_type="flip-box.default">
				<div class="elementor-widget-container">
							<div class="elementor-flip-box" tabindex="0">
			<div class="elementor-flip-box__layer elementor-flip-box__front">
				<div class="elementor-flip-box__layer__overlay">
					<div class="elementor-flip-box__layer__inner">
						
						
											</div>
				</div>
			</div>
			<div class="elementor-flip-box__layer elementor-flip-box__back">
			<div class="elementor-flip-box__layer__overlay">
				<div class="elementor-flip-box__layer__inner">
					
					
								</div>
		</div>
		</div>
		</div>
						</div>
				</div>
				<div class="elementor-element elementor-element-23c1ba5f elementor-widget elementor-widget-counter" data-id="23c1ba5f" data-element_type="widget" data-widget_type="counter.default">
				<div class="elementor-widget-container">
							<div class="elementor-counter">
						<div class="elementor-counter-number-wrapper">
				<span class="elementor-counter-number-prefix"></span>
				<span class="elementor-counter-number" data-duration="2000" data-to-value="50" data-from-value="0" data-delimiter=",">0</span>
				<span class="elementor-counter-number-suffix">%</span>
			</div>
		</div>
						</div>
				</div>
				<div class="elementor-element elementor-element-16ce0187 elementor-widget elementor-widget-heading" data-id="16ce0187" data-element_type="widget" data-widget_type="heading.default">
				<div class="elementor-widget-container">
					<h2 class="elementor-heading-title elementor-size-default">FIGMA</h2>				</div>
				</div>
				</div>
		<div class="elementor-element elementor-element-51f4f02 e-con-full e-flex e-con e-child" data-id="51f4f02" data-element_type="container" data-settings="{&quot;background_background&quot;:&quot;classic&quot;}">
				<div class="elementor-element elementor-element-b325677 elementor-flip-box--effect-flip elementor-flip-box--direction-up elementor-widget elementor-widget-flip-box" data-id="b325677" data-element_type="widget" data-widget_type="flip-box.default">
				<div class="elementor-widget-container">
							<div class="elementor-flip-box" tabindex="0">
			<div class="elementor-flip-box__layer elementor-flip-box__front">
				<div class="elementor-flip-box__layer__overlay">
					<div class="elementor-flip-box__layer__inner">
						
						
											</div>
				</div>
			</div>
			<div class="elementor-flip-box__layer elementor-flip-box__back">
			<div class="elementor-flip-box__layer__overlay">
				<div class="elementor-flip-box__layer__inner">
					
					
								</div>
		</div>
		</div>
		</div>
						</div>
				</div>
				<div class="elementor-element elementor-element-11f656af elementor-widget elementor-widget-counter" data-id="11f656af" data-element_type="widget" data-widget_type="counter.default">
				<div class="elementor-widget-container">
							<div class="elementor-counter">
						<div class="elementor-counter-number-wrapper">
				<span class="elementor-counter-number-prefix"></span>
				<span class="elementor-counter-number" data-duration="2000" data-to-value="70" data-from-value="0" data-delimiter=",">0</span>
				<span class="elementor-counter-number-suffix">%</span>
			</div>
		</div>
						</div>
				</div>
				<div class="elementor-element elementor-element-1d170190 elementor-widget elementor-widget-heading" data-id="1d170190" data-element_type="widget" data-widget_type="heading.default">
				<div class="elementor-widget-container">
					<h2 class="elementor-heading-title elementor-size-default">HTML</h2>				</div>
				</div>
				</div>
		<div class="elementor-element elementor-element-8d38a2e e-con-full e-flex e-con e-child" data-id="8d38a2e" data-element_type="container" data-settings="{&quot;background_background&quot;:&quot;classic&quot;}">
				<div class="elementor-element elementor-element-4acc2b79 elementor-flip-box--effect-flip elementor-flip-box--direction-up elementor-widget elementor-widget-flip-box" data-id="4acc2b79" data-element_type="widget" data-widget_type="flip-box.default">
				<div class="elementor-widget-container">
							<div class="elementor-flip-box" tabindex="0">
			<div class="elementor-flip-box__layer elementor-flip-box__front">
				<div class="elementor-flip-box__layer__overlay">
					<div class="elementor-flip-box__layer__inner">
						
						
											</div>
				</div>
			</div>
			<div class="elementor-flip-box__layer elementor-flip-box__back">
			<div class="elementor-flip-box__layer__overlay">
				<div class="elementor-flip-box__layer__inner">
					
					
								</div>
		</div>
		</div>
		</div>
						</div>
				</div>
				<div class="elementor-element elementor-element-591d572c elementor-widget elementor-widget-counter" data-id="591d572c" data-element_type="widget" data-widget_type="counter.default">
				<div class="elementor-widget-container">
							<div class="elementor-counter">
						<div class="elementor-counter-number-wrapper">
				<span class="elementor-counter-number-prefix"></span>
				<span class="elementor-counter-number" data-duration="2000" data-to-value="70" data-from-value="0" data-delimiter=",">0</span>
				<span class="elementor-counter-number-suffix">%</span>
			</div>
		</div>
						</div>
				</div>
				<div class="elementor-element elementor-element-76e14fb4 elementor-widget elementor-widget-heading" data-id="76e14fb4" data-element_type="widget" data-widget_type="heading.default">
				<div class="elementor-widget-container">
					<h2 class="elementor-heading-title elementor-size-default">CSS</h2>				</div>
				</div>
				</div>
		<div class="elementor-element elementor-element-15237550 e-con-full e-flex e-con e-child" data-id="15237550" data-element_type="container" data-settings="{&quot;background_background&quot;:&quot;classic&quot;}">
				<div class="elementor-element elementor-element-53e5c744 elementor-flip-box--effect-flip elementor-flip-box--direction-up elementor-widget elementor-widget-flip-box" data-id="53e5c744" data-element_type="widget" data-widget_type="flip-box.default">
				<div class="elementor-widget-container">
							<div class="elementor-flip-box" tabindex="0">
			<div class="elementor-flip-box__layer elementor-flip-box__front">
				<div class="elementor-flip-box__layer__overlay">
					<div class="elementor-flip-box__layer__inner">
						
						
											</div>
				</div>
			</div>
			<div class="elementor-flip-box__layer elementor-flip-box__back">
			<div class="elementor-flip-box__layer__overlay">
				<div class="elementor-flip-box__layer__inner">
					
					
								</div>
		</div>
		</div>
		</div>
						</div>
				</div>
				<div class="elementor-element elementor-element-6a433335 elementor-widget elementor-widget-counter" data-id="6a433335" data-element_type="widget" data-widget_type="counter.default">
				<div class="elementor-widget-container">
							<div class="elementor-counter">
						<div class="elementor-counter-number-wrapper">
				<span class="elementor-counter-number-prefix"></span>
				<span class="elementor-counter-number" data-duration="2000" data-to-value="50" data-from-value="0" data-delimiter=",">0</span>
				<span class="elementor-counter-number-suffix">%</span>
			</div>
		</div>
						</div>
				</div>
				<div class="elementor-element elementor-element-c7ca93f elementor-widget elementor-widget-heading" data-id="c7ca93f" data-element_type="widget" data-widget_type="heading.default">
				<div class="elementor-widget-container">
					<h2 class="elementor-heading-title elementor-size-default">ILUSTRATOR</h2>				</div>
				</div>
				</div>
		<div class="elementor-element elementor-element-34a5ce59 e-con-full e-flex e-con e-child" data-id="34a5ce59" data-element_type="container" data-settings="{&quot;background_background&quot;:&quot;classic&quot;}">
				<div class="elementor-element elementor-element-13956747 elementor-flip-box--effect-flip elementor-flip-box--direction-up elementor-widget elementor-widget-flip-box" data-id="13956747" data-element_type="widget" data-widget_type="flip-box.default">
				<div class="elementor-widget-container">
							<div class="elementor-flip-box" tabindex="0">
			<div class="elementor-flip-box__layer elementor-flip-box__front">
				<div class="elementor-flip-box__layer__overlay">
					<div class="elementor-flip-box__layer__inner">
						
						
											</div>
				</div>
			</div>
			<div class="elementor-flip-box__layer elementor-flip-box__back">
			<div class="elementor-flip-box__layer__overlay">
				<div class="elementor-flip-box__layer__inner">
					
					
								</div>
		</div>
		</div>
		</div>
						</div>
				</div>
				<div class="elementor-element elementor-element-7ae17cf4 elementor-widget elementor-widget-counter" data-id="7ae17cf4" data-element_type="widget" data-widget_type="counter.default">
				<div class="elementor-widget-container">
							<div class="elementor-counter">
						<div class="elementor-counter-number-wrapper">
				<span class="elementor-counter-number-prefix"></span>
				<span class="elementor-counter-number" data-duration="2000" data-to-value="50" data-from-value="0" data-delimiter=",">0</span>
				<span class="elementor-counter-number-suffix">%</span>
			</div>
		</div>
						</div>
				</div>
				<div class="elementor-element elementor-element-72e84f82 elementor-widget elementor-widget-heading" data-id="72e84f82" data-element_type="widget" data-widget_type="heading.default">
				<div class="elementor-widget-container">
					<h2 class="elementor-heading-title elementor-size-default">PHOTOSHOP</h2>				</div>
				</div>
				</div>
				</div>
		<div class="elementor-element elementor-element-68cd4b52 e-con-full e-flex e-con e-parent" data-id="68cd4b52" data-element_type="container">
		<div class="elementor-element elementor-element-4cf39e1b e-con-full e-flex e-con e-child" data-id="4cf39e1b" data-element_type="container">
				<div class="elementor-element elementor-element-7f555c7f elementor-widget elementor-widget-heading" data-id="7f555c7f" data-element_type="widget" data-widget_type="heading.default">
				<div class="elementor-widget-container">
					<h2 class="elementor-heading-title elementor-size-default">Industrias</h2>				</div>
				</div>
				<div class="elementor-element elementor-element-23f5f52b elementor-widget__width-initial elementor-widget-mobile__width-initial elementor-widget elementor-widget-text-editor" data-id="23f5f52b" data-element_type="widget" data-widget_type="text-editor.default">
				<div class="elementor-widget-container">
									<p>Cuento con experiencia trabajando para las siguientes industrias.</p>								</div>
				</div>
				</div>
		<div class="elementor-element elementor-element-2bb71d81 e-con-full sliding e-flex e-con e-child" data-id="2bb71d81" data-element_type="container">
				<div class="elementor-element elementor-element-4e6f2569 elementor-widget elementor-widget-html" data-id="4e6f2569" data-element_type="widget" data-widget_type="html.default">
				<div class="elementor-widget-container">
					<script src="https://code.jquery.com/jquery-3.6.0.min.js"></script>
<script>
var $ = jQuery,
    intervalDuration = 3

$(document).ready(function(){
    
var slide = $('.sliding .inner-section'),
    index = 0,
    before, after,
    slidePause = false
    
function sliding(call = null){
    
    if(!call){
        if(slidePause) return
        $('body').addClass('anim')
    }
    
    before = index == 0 ? slide.length - 1 : index - 1
    after = index == slide.length - 1 ? 0 : index + 1
    
    slide.removeClass('current before after')
    slide.eq(index).addClass('current')
    slide.eq(before).addClass('before')
    slide.eq(after).addClass('after')

    
    if( slide.length - 1 == index ){
        index = 0
    }else{
        index++
    }
}

sliding('load')
setInterval(sliding, intervalDuration*1000)

$('.sliding').on('mouseover', function(){
    slidePause = true
})
$('.sliding').on('mouseout', function(){
    slidePause = false
})
    
})

</script>				</div>
				</div>
		<div class="elementor-element elementor-element-226e491f e-con-full inner-section e-flex e-con e-child" data-id="226e491f" data-element_type="container">
		<div class="elementor-element elementor-element-b0067a0 e-con-full card e-flex e-con e-child" data-id="b0067a0" data-element_type="container" data-settings="{&quot;background_background&quot;:&quot;classic&quot;}">
				<div class="elementor-element elementor-element-3ed2285 elementor-widget elementor-widget-heading" data-id="3ed2285" data-element_type="widget" data-widget_type="heading.default">
				<div class="elementor-widget-container">
					<h2 class="elementor-heading-title elementor-size-default">E-commerce</h2>				</div>
				</div>
				</div>
				</div>
		<div class="elementor-element elementor-element-6b2ea0dc e-con-full inner-section e-flex e-con e-child" data-id="6b2ea0dc" data-element_type="container">
		<div class="elementor-element elementor-element-6c498cb6 e-con-full card e-flex e-con e-child" data-id="6c498cb6" data-element_type="container" data-settings="{&quot;background_background&quot;:&quot;classic&quot;}">
				<div class="elementor-element elementor-element-6cba3d0b elementor-widget elementor-widget-heading" data-id="6cba3d0b" data-element_type="widget" data-widget_type="heading.default">
				<div class="elementor-widget-container">
					<h2 class="elementor-heading-title elementor-size-default">Cooperativas</h2>				</div>
				</div>
				</div>
				</div>
		<div class="elementor-element elementor-element-250c94a e-con-full inner-section e-flex e-con e-child" data-id="250c94a" data-element_type="container">
		<div class="elementor-element elementor-element-3093ae2a e-con-full card e-flex e-con e-child" data-id="3093ae2a" data-element_type="container" data-settings="{&quot;background_background&quot;:&quot;classic&quot;}">
				<div class="elementor-element elementor-element-169b601e elementor-widget elementor-widget-heading" data-id="169b601e" data-element_type="widget" data-widget_type="heading.default">
				<div class="elementor-widget-container">
					<h2 class="elementor-heading-title elementor-size-default">Industrial</h2>				</div>
				</div>
				</div>
				</div>
		<div class="elementor-element elementor-element-759f82ef e-con-full inner-section e-flex e-con e-child" data-id="759f82ef" data-element_type="container">
		<div class="elementor-element elementor-element-64e199f6 e-con-full card e-flex e-con e-child" data-id="64e199f6" data-element_type="container" data-settings="{&quot;background_background&quot;:&quot;classic&quot;}">
				<div class="elementor-element elementor-element-6784434b elementor-widget elementor-widget-heading" data-id="6784434b" data-element_type="widget" data-widget_type="heading.default">
				<div class="elementor-widget-container">
					<h2 class="elementor-heading-title elementor-size-default">Entretenimiento</h2>				</div>
				</div>
				</div>
				</div>
				</div>
				</div>
		<div class="elementor-element elementor-element-2db77c41 e-con-full e-flex e-con e-parent" data-id="2db77c41" data-element_type="container" data-settings="{&quot;background_background&quot;:&quot;classic&quot;}">
		<div class="elementor-element elementor-element-4e2976c3 e-con-full e-flex e-con e-child" data-id="4e2976c3" data-element_type="container">
				<div class="elementor-element elementor-element-5e9a6593 elementor-icon-list--layout-inline elementor-align-center elementor-list-item-link-full_width elementor-widget elementor-widget-icon-list" data-id="5e9a6593" data-element_type="widget" data-settings="{&quot;motion_fx_motion_fx_scrolling&quot;:&quot;yes&quot;,&quot;motion_fx_translateX_effect&quot;:&quot;yes&quot;,&quot;motion_fx_translateX_speed&quot;:{&quot;unit&quot;:&quot;px&quot;,&quot;size&quot;:5,&quot;sizes&quot;:[]},&quot;motion_fx_translateX_affectedRange&quot;:{&quot;unit&quot;:&quot;%&quot;,&quot;size&quot;:&quot;&quot;,&quot;sizes&quot;:{&quot;start&quot;:0,&quot;end&quot;:100}},&quot;motion_fx_devices&quot;:[&quot;desktop&quot;,&quot;tablet&quot;,&quot;mobile&quot;]}" data-widget_type="icon-list.default">
				<div class="elementor-widget-container">
							<ul class="elementor-icon-list-items elementor-inline-items">
							<li class="elementor-icon-list-item elementor-inline-item">
										<span class="elementor-icon-list-text">*creemos juntos</span>
									</li>
								<li class="elementor-icon-list-item elementor-inline-item">
										<span class="elementor-icon-list-text">*creemos juntos</span>
									</li>
								<li class="elementor-icon-list-item elementor-inline-item">
										<span class="elementor-icon-list-text">*creemos juntos</span>
									</li>
								<li class="elementor-icon-list-item elementor-inline-item">
										<span class="elementor-icon-list-text">*creemos juntos</span>
									</li>
								<li class="elementor-icon-list-item elementor-inline-item">
										<span class="elementor-icon-list-text">*creemos juntos</span>
									</li>
								<li class="elementor-icon-list-item elementor-inline-item">
										<span class="elementor-icon-list-text">*creemos juntos</span>
									</li>
								<li class="elementor-icon-list-item elementor-inline-item">
										<span class="elementor-icon-list-text">*creemos juntos</span>
									</li>
								<li class="elementor-icon-list-item elementor-inline-item">
										<span class="elementor-icon-list-text">*creemos juntos</span>
									</li>
								<li class="elementor-icon-list-item elementor-inline-item">
										<span class="elementor-icon-list-text">*creemos juntos</span>
									</li>
						</ul>
						</div>
				</div>
				</div>
				</div>
		<div class="elementor-element elementor-element-64568005 e-con-full e-flex e-con e-parent" data-id="64568005" data-element_type="container" data-settings="{&quot;background_background&quot;:&quot;classic&quot;}">
		<div class="elementor-element elementor-element-5f95e66c e-con-full e-flex e-con e-child" data-id="5f95e66c" data-element_type="container">
				<div class="elementor-element elementor-element-2e96545e elementor-icon-list--layout-inline elementor-align-center elementor-list-item-link-full_width elementor-widget elementor-widget-icon-list" data-id="2e96545e" data-element_type="widget" data-settings="{&quot;motion_fx_motion_fx_scrolling&quot;:&quot;yes&quot;,&quot;motion_fx_translateX_effect&quot;:&quot;yes&quot;,&quot;motion_fx_translateX_direction&quot;:&quot;negative&quot;,&quot;motion_fx_translateX_speed&quot;:{&quot;unit&quot;:&quot;px&quot;,&quot;size&quot;:5,&quot;sizes&quot;:[]},&quot;motion_fx_translateX_affectedRange&quot;:{&quot;unit&quot;:&quot;%&quot;,&quot;size&quot;:&quot;&quot;,&quot;sizes&quot;:{&quot;start&quot;:0,&quot;end&quot;:100}},&quot;motion_fx_devices&quot;:[&quot;desktop&quot;,&quot;tablet&quot;,&quot;mobile&quot;]}" data-widget_type="icon-list.default">
				<div class="elementor-widget-container">
							<ul class="elementor-icon-list-items elementor-inline-items">
							<li class="elementor-icon-list-item elementor-inline-item">
										<span class="elementor-icon-list-text">*creemos juntos</span>
									</li>
								<li class="elementor-icon-list-item elementor-inline-item">
										<span class="elementor-icon-list-text">*creemos juntos</span>
									</li>
								<li class="elementor-icon-list-item elementor-inline-item">
										<span class="elementor-icon-list-text">*creemos juntos</span>
									</li>
								<li class="elementor-icon-list-item elementor-inline-item">
										<span class="elementor-icon-list-text">*creemos juntos</span>
									</li>
								<li class="elementor-icon-list-item elementor-inline-item">
										<span class="elementor-icon-list-text">*creemos juntos</span>
									</li>
								<li class="elementor-icon-list-item elementor-inline-item">
										<span class="elementor-icon-list-text">*creemos juntos</span>
									</li>
								<li class="elementor-icon-list-item elementor-inline-item">
										<span class="elementor-icon-list-text">*creemos juntos</span>
									</li>
								<li class="elementor-icon-list-item elementor-inline-item">
										<span class="elementor-icon-list-text">*creemos juntos</span>
									</li>
								<li class="elementor-icon-list-item elementor-inline-item">
										<span class="elementor-icon-list-text">*creemos juntos</span>
									</li>
						</ul>
						</div>
				</div>
				</div>
				</div>
		<div class="elementor-element elementor-element-6d22257f e-flex e-con-boxed e-con e-parent" data-id="6d22257f" data-element_type="container">
					<div class="e-con-inner">
				<div class="elementor-element elementor-element-53ff3aa7 elementor-widget elementor-widget-heading" data-id="53ff3aa7" data-element_type="widget" data-widget_type="heading.default">
				<div class="elementor-widget-container">
					<h1 class="elementor-heading-title elementor-size-default">Mis  diseños web</h1>				</div>
				</div>
				<div class="elementor-element elementor-element-51ed8c51 elementor-absolute elementor-align-center elementor-widget elementor-widget-lottie" data-id="51ed8c51" data-element_type="widget" data-settings="{&quot;source_json&quot;:{&quot;url&quot;:&quot;http:\/\/bryan-services.local\/wp-content\/uploads\/2024\/11\/Animation-1715098008856-1.json&quot;,&quot;id&quot;:449,&quot;size&quot;:&quot;&quot;,&quot;alt&quot;:&quot;&quot;,&quot;source&quot;:&quot;library&quot;},&quot;loop&quot;:&quot;yes&quot;,&quot;_position&quot;:&quot;absolute&quot;,&quot;source&quot;:&quot;media_file&quot;,&quot;caption_source&quot;:&quot;none&quot;,&quot;link_to&quot;:&quot;none&quot;,&quot;trigger&quot;:&quot;arriving_to_viewport&quot;,&quot;viewport&quot;:{&quot;unit&quot;:&quot;%&quot;,&quot;size&quot;:&quot;&quot;,&quot;sizes&quot;:{&quot;start&quot;:0,&quot;end&quot;:100}},&quot;play_speed&quot;:{&quot;unit&quot;:&quot;px&quot;,&quot;size&quot;:1,&quot;sizes&quot;:[]},&quot;start_point&quot;:{&quot;unit&quot;:&quot;%&quot;,&quot;size&quot;:0,&quot;sizes&quot;:[]},&quot;end_point&quot;:{&quot;unit&quot;:&quot;%&quot;,&quot;size&quot;:100,&quot;sizes&quot;:[]},&quot;renderer&quot;:&quot;svg&quot;}" data-widget_type="lottie.default">
				<div class="elementor-widget-container">
					<div class="e-lottie__container"><div class="e-lottie__animation"></div></div>				</div>
				</div>
				<div class="elementor-element elementor-element-7257afe9 elementor-pagination-position-outside elementor-widget elementor-widget-image-carousel" data-id="7257afe9" data-element_type="widget" data-settings="{&quot;slides_to_show&quot;:&quot;3&quot;,&quot;slides_to_scroll&quot;:&quot;1&quot;,&quot;navigation&quot;:&quot;dots&quot;,&quot;speed&quot;:1000,&quot;slides_to_show_mobile&quot;:&quot;2&quot;,&quot;slides_to_scroll_mobile&quot;:&quot;1&quot;,&quot;autoplay&quot;:&quot;yes&quot;,&quot;autoplay_speed&quot;:5000,&quot;infinite&quot;:&quot;yes&quot;,&quot;image_spacing_custom&quot;:{&quot;unit&quot;:&quot;px&quot;,&quot;size&quot;:20,&quot;sizes&quot;:[]},&quot;image_spacing_custom_tablet&quot;:{&quot;unit&quot;:&quot;px&quot;,&quot;size&quot;:&quot;&quot;,&quot;sizes&quot;:[]},&quot;image_spacing_custom_mobile&quot;:{&quot;unit&quot;:&quot;px&quot;,&quot;size&quot;:&quot;&quot;,&quot;sizes&quot;:[]}}" data-widget_type="image-carousel.default">
				<div class="elementor-widget-container">
							<div class="elementor-image-carousel-wrapper swiper" role="region" aria-roledescription="carousel" aria-label="Image Carousel" dir="ltr">
			<div class="elementor-image-carousel swiper-wrapper" aria-live="off">
								<div class="swiper-slide" role="group" aria-roledescription="slide" aria-label="1 of 9"><figure class="swiper-slide-inner"><img decoding="async" class="swiper-slide-image" src="http://bryan-services.local/wp-content/uploads/2024/11/pag-img-9-1.png" alt="pag-img 9" /></figure></div><div class="swiper-slide" role="group" aria-roledescription="slide" aria-label="2 of 9"><figure class="swiper-slide-inner"><img decoding="async" class="swiper-slide-image" src="http://bryan-services.local/wp-content/uploads/2024/11/pag-img-1-1.png" alt="pag-img 1" /></figure></div><div class="swiper-slide" role="group" aria-roledescription="slide" aria-label="3 of 9"><figure class="swiper-slide-inner"><img decoding="async" class="swiper-slide-image" src="http://bryan-services.local/wp-content/uploads/2024/11/pag-img-4-1.png" alt="pag-img 4" /></figure></div><div class="swiper-slide" role="group" aria-roledescription="slide" aria-label="4 of 9"><figure class="swiper-slide-inner"><img decoding="async" class="swiper-slide-image" src="http://bryan-services.local/wp-content/uploads/2024/11/pag-img-7-1.png" alt="pag-img 7" /></figure></div><div class="swiper-slide" role="group" aria-roledescription="slide" aria-label="5 of 9"><figure class="swiper-slide-inner"><img decoding="async" class="swiper-slide-image" src="http://bryan-services.local/wp-content/uploads/2024/11/pag-img-5-1.png" alt="pag-img 5" /></figure></div><div class="swiper-slide" role="group" aria-roledescription="slide" aria-label="6 of 9"><figure class="swiper-slide-inner"><img decoding="async" class="swiper-slide-image" src="http://bryan-services.local/wp-content/uploads/2024/11/pag-img-3-1.png" alt="pag-img 3" /></figure></div><div class="swiper-slide" role="group" aria-roledescription="slide" aria-label="7 of 9"><figure class="swiper-slide-inner"><img decoding="async" class="swiper-slide-image" src="http://bryan-services.local/wp-content/uploads/2024/11/pag-img-8-1.png" alt="pag-img 8" /></figure></div><div class="swiper-slide" role="group" aria-roledescription="slide" aria-label="8 of 9"><figure class="swiper-slide-inner"><img decoding="async" class="swiper-slide-image" src="http://bryan-services.local/wp-content/uploads/2024/11/pag-img-6-1.png" alt="pag-img 6" /></figure></div><div class="swiper-slide" role="group" aria-roledescription="slide" aria-label="9 of 9"><figure class="swiper-slide-inner"><img decoding="async" class="swiper-slide-image" src="http://bryan-services.local/wp-content/uploads/2024/11/pag-img-2-1.png" alt="pag-img 2" /></figure></div>			</div>
							
									<div class="swiper-pagination"></div>
									</div>
						</div>
				</div>
				<div class="elementor-element elementor-element-5d39d34d elementor-align-center elementor-hidden-desktop elementor-hidden-tablet elementor-hidden-mobile elementor-widget elementor-widget-button" data-id="5d39d34d" data-element_type="widget" data-widget_type="button.default">
				<div class="elementor-widget-container">
									<div class="elementor-button-wrapper">
					<a class="elementor-button elementor-button-link elementor-size-sm" href="#">
						<span class="elementor-button-content-wrapper">
									<span class="elementor-button-text">More Projects</span>
					</span>
					</a>
				</div>
								</div>
				</div>
					</div>
				</div>
		<div class="elementor-element elementor-element-74e2dfea mdw-card-portfolio e-flex e-con-boxed e-con e-parent" data-id="74e2dfea" data-element_type="container">
					<div class="e-con-inner">
				<div class="elementor-element elementor-element-1f2a9286 elementor-widget elementor-widget-text-editor" data-id="1f2a9286" data-element_type="widget" data-widget_type="text-editor.default">
				<div class="elementor-widget-container">
									<p>Diciembre 2023 -&gt; Julio 2024</p>								</div>
				</div>
				<div class="elementor-element elementor-element-77593acf elementor-widget elementor-widget-heading" data-id="77593acf" data-element_type="widget" data-widget_type="heading.default">
				<div class="elementor-widget-container">
					<h2 class="elementor-heading-title elementor-size-default">Versatilidad &amp; Creatividad</h2>				</div>
				</div>
				<div class="elementor-element elementor-element-3cb88ecf elementor-widget elementor-widget-button" data-id="3cb88ecf" data-element_type="widget" data-widget_type="button.default">
				<div class="elementor-widget-container">
									<div class="elementor-button-wrapper">
					<a class="elementor-button elementor-button-link elementor-size-sm" href="#">
						<span class="elementor-button-content-wrapper">
									<span class="elementor-button-text">SEE MORE DETAILS</span>
					</span>
					</a>
				</div>
								</div>
				</div>
				<div class="elementor-element elementor-element-4f03730f elementor-widget__width-initial mdw-gradient elementor-widget-divider--view-line elementor-widget elementor-widget-divider" data-id="4f03730f" data-element_type="widget" data-widget_type="divider.default">
				<div class="elementor-widget-container">
							<div class="elementor-divider">
			<span class="elementor-divider-separator">
						</span>
		</div>
						</div>
				</div>
				<div class="elementor-element elementor-element-92a7dc4 elementor-absolute mdw-card-portfolio-image-left elementor-widget elementor-widget-image" data-id="92a7dc4" data-element_type="widget" data-settings="{&quot;_position&quot;:&quot;absolute&quot;}" data-widget_type="image.default">
				<div class="elementor-widget-container">
															<img decoding="async" width="800" height="882" src="http://bryan-services.local/wp-content/uploads/2024/11/3-929x1024.png" class="attachment-large size-large wp-image-594" alt="" srcset="http://bryan-services.local/wp-content/uploads/2024/11/3-929x1024.png 929w, http://bryan-services.local/wp-content/uploads/2024/11/3-272x300.png 272w, http://bryan-services.local/wp-content/uploads/2024/11/3-768x847.png 768w, http://bryan-services.local/wp-content/uploads/2024/11/3.png 1349w" sizes="(max-width: 800px) 100vw, 800px" />															</div>
				</div>
				<div class="elementor-element elementor-element-62a941f6 elementor-absolute mdw-card-portfolio-image-right elementor-widget elementor-widget-image" data-id="62a941f6" data-element_type="widget" data-settings="{&quot;_position&quot;:&quot;absolute&quot;}" data-widget_type="image.default">
				<div class="elementor-widget-container">
															<img decoding="async" width="800" height="882" src="http://bryan-services.local/wp-content/uploads/2024/11/4-929x1024.png" class="attachment-large size-large wp-image-593" alt="" srcset="http://bryan-services.local/wp-content/uploads/2024/11/4-929x1024.png 929w, http://bryan-services.local/wp-content/uploads/2024/11/4-272x300.png 272w, http://bryan-services.local/wp-content/uploads/2024/11/4-768x847.png 768w, http://bryan-services.local/wp-content/uploads/2024/11/4.png 1349w" sizes="(max-width: 800px) 100vw, 800px" />															</div>
				</div>
					</div>
				</div>
		<div class="elementor-element elementor-element-2f4df41c mdw-card-portfolio e-flex e-con-boxed e-con e-parent" data-id="2f4df41c" data-element_type="container">
					<div class="e-con-inner">
				<div class="elementor-element elementor-element-68d529f6 elementor-widget elementor-widget-text-editor" data-id="68d529f6" data-element_type="widget" data-widget_type="text-editor.default">
				<div class="elementor-widget-container">
									<p>Julio 2023 -&gt; Diciembre 2023</p>								</div>
				</div>
				<div class="elementor-element elementor-element-34b969be elementor-widget elementor-widget-heading" data-id="34b969be" data-element_type="widget" data-widget_type="heading.default">
				<div class="elementor-widget-container">
					<h2 class="elementor-heading-title elementor-size-default">Conectando marcas</h2>				</div>
				</div>
				<div class="elementor-element elementor-element-17d15195 elementor-widget elementor-widget-button" data-id="17d15195" data-element_type="widget" data-widget_type="button.default">
				<div class="elementor-widget-container">
									<div class="elementor-button-wrapper">
					<a class="elementor-button elementor-button-link elementor-size-sm" href="#">
						<span class="elementor-button-content-wrapper">
									<span class="elementor-button-text">SEE MORE DETAILS</span>
					</span>
					</a>
				</div>
								</div>
				</div>
				<div class="elementor-element elementor-element-70214de8 elementor-widget__width-initial mdw-gradient elementor-widget-divider--view-line elementor-widget elementor-widget-divider" data-id="70214de8" data-element_type="widget" data-widget_type="divider.default">
				<div class="elementor-widget-container">
							<div class="elementor-divider">
			<span class="elementor-divider-separator">
						</span>
		</div>
						</div>
				</div>
				<div class="elementor-element elementor-element-204d4a4c elementor-absolute mdw-card-portfolio-image-left elementor-widget elementor-widget-image" data-id="204d4a4c" data-element_type="widget" data-settings="{&quot;_position&quot;:&quot;absolute&quot;}" data-widget_type="image.default">
				<div class="elementor-widget-container">
															<img loading="lazy" decoding="async" width="800" height="882" src="http://bryan-services.local/wp-content/uploads/2024/11/6-929x1024.png" class="attachment-large size-large wp-image-591" alt="" srcset="http://bryan-services.local/wp-content/uploads/2024/11/6-929x1024.png 929w, http://bryan-services.local/wp-content/uploads/2024/11/6-272x300.png 272w, http://bryan-services.local/wp-content/uploads/2024/11/6-768x847.png 768w, http://bryan-services.local/wp-content/uploads/2024/11/6.png 1349w" sizes="(max-width: 800px) 100vw, 800px" />															</div>
				</div>
				<div class="elementor-element elementor-element-317525ee elementor-absolute mdw-card-portfolio-image-right elementor-widget elementor-widget-image" data-id="317525ee" data-element_type="widget" data-settings="{&quot;_position&quot;:&quot;absolute&quot;}" data-widget_type="image.default">
				<div class="elementor-widget-container">
															<img loading="lazy" decoding="async" width="800" height="882" src="http://bryan-services.local/wp-content/uploads/2024/11/5-929x1024.png" class="attachment-large size-large wp-image-592" alt="" srcset="http://bryan-services.local/wp-content/uploads/2024/11/5-929x1024.png 929w, http://bryan-services.local/wp-content/uploads/2024/11/5-272x300.png 272w, http://bryan-services.local/wp-content/uploads/2024/11/5-768x847.png 768w, http://bryan-services.local/wp-content/uploads/2024/11/5.png 1349w" sizes="(max-width: 800px) 100vw, 800px" />															</div>
				</div>
					</div>
				</div>
		<div class="elementor-element elementor-element-334828f6 mdw-card-portfolio e-flex e-con-boxed e-con e-parent" data-id="334828f6" data-element_type="container">
					<div class="e-con-inner">
				<div class="elementor-element elementor-element-7592de78 elementor-widget elementor-widget-text-editor" data-id="7592de78" data-element_type="widget" data-widget_type="text-editor.default">
				<div class="elementor-widget-container">
									<p>ABRIL 2023 -&gt; JULIO 2023</p>								</div>
				</div>
				<div class="elementor-element elementor-element-5eca930c elementor-widget elementor-widget-heading" data-id="5eca930c" data-element_type="widget" data-widget_type="heading.default">
				<div class="elementor-widget-container">
					<h2 class="elementor-heading-title elementor-size-default">Nuevas  Tendencias</h2>				</div>
				</div>
				<div class="elementor-element elementor-element-3519f4 elementor-widget elementor-widget-button" data-id="3519f4" data-element_type="widget" data-widget_type="button.default">
				<div class="elementor-widget-container">
									<div class="elementor-button-wrapper">
					<a class="elementor-button elementor-button-link elementor-size-sm" href="#">
						<span class="elementor-button-content-wrapper">
									<span class="elementor-button-text">SEE MORE DETAILS</span>
					</span>
					</a>
				</div>
								</div>
				</div>
				<div class="elementor-element elementor-element-539033e3 elementor-widget__width-initial mdw-gradient elementor-widget-divider--view-line elementor-widget elementor-widget-divider" data-id="539033e3" data-element_type="widget" data-widget_type="divider.default">
				<div class="elementor-widget-container">
							<div class="elementor-divider">
			<span class="elementor-divider-separator">
						</span>
		</div>
						</div>
				</div>
				<div class="elementor-element elementor-element-684e53cf elementor-absolute mdw-card-portfolio-image-left elementor-widget elementor-widget-image" data-id="684e53cf" data-element_type="widget" data-settings="{&quot;_position&quot;:&quot;absolute&quot;}" data-widget_type="image.default">
				<div class="elementor-widget-container">
															<img loading="lazy" decoding="async" width="800" height="882" src="http://bryan-services.local/wp-content/uploads/2024/11/1-929x1024.png" class="attachment-large size-large wp-image-596" alt="" srcset="http://bryan-services.local/wp-content/uploads/2024/11/1-929x1024.png 929w, http://bryan-services.local/wp-content/uploads/2024/11/1-272x300.png 272w, http://bryan-services.local/wp-content/uploads/2024/11/1-768x847.png 768w, http://bryan-services.local/wp-content/uploads/2024/11/1.png 1349w" sizes="(max-width: 800px) 100vw, 800px" />															</div>
				</div>
				<div class="elementor-element elementor-element-b05cefa elementor-absolute mdw-card-portfolio-image-right elementor-widget elementor-widget-image" data-id="b05cefa" data-element_type="widget" data-settings="{&quot;_position&quot;:&quot;absolute&quot;}" data-widget_type="image.default">
				<div class="elementor-widget-container">
															<img loading="lazy" decoding="async" width="800" height="885" src="http://bryan-services.local/wp-content/uploads/2024/11/2-926x1024.png" class="attachment-large size-large wp-image-595" alt="" srcset="http://bryan-services.local/wp-content/uploads/2024/11/2-926x1024.png 926w, http://bryan-services.local/wp-content/uploads/2024/11/2-271x300.png 271w, http://bryan-services.local/wp-content/uploads/2024/11/2-768x849.png 768w, http://bryan-services.local/wp-content/uploads/2024/11/2.png 1342w" sizes="(max-width: 800px) 100vw, 800px" />															</div>
				</div>
					</div>
				</div>
		<div class="elementor-element elementor-element-286303af e-flex e-con-boxed e-con e-parent" data-id="286303af" data-element_type="container">
					<div class="e-con-inner">
		<div class="elementor-element elementor-element-4d91ddb9 mdw-email-copy e-flex e-con-boxed e-con e-child" data-id="4d91ddb9" data-element_type="container">
					<div class="e-con-inner">
				<div class="elementor-element elementor-element-e2f5bf elementor-widget elementor-widget-text-editor" data-id="e2f5bf" data-element_type="widget" data-widget_type="text-editor.default">
				<div class="elementor-widget-container">
									<p>GET IN TOUCH</p>								</div>
				</div>
				<div class="elementor-element elementor-element-dd3f971 elementor-widget elementor-widget-text-editor" data-id="dd3f971" data-element_type="widget" data-widget_type="text-editor.default">
				<div class="elementor-widget-container">
									<p>COPIED </p>								</div>
				</div>
					</div>
				</div>
				<div class="elementor-element elementor-element-712a4226 mdw-email-box elementor-widget elementor-widget-heading" data-id="712a4226" data-element_type="widget" data-widget_type="heading.default">
				<div class="elementor-widget-container">
					<h2 class="elementor-heading-title elementor-size-default">bryfaro3@gmail.com</h2>				</div>
				</div>
		<div class="elementor-element elementor-element-4c2b48f5 e-con-full e-flex e-con e-child" data-id="4c2b48f5" data-element_type="container">
				<div class="elementor-element elementor-element-28ccfa9f elementor-widget elementor-widget-button" data-id="28ccfa9f" data-element_type="widget" data-widget_type="button.default">
				<div class="elementor-widget-container">
									<div class="elementor-button-wrapper">
					<a class="elementor-button elementor-button-link elementor-size-sm" href="#">
						<span class="elementor-button-content-wrapper">
									<span class="elementor-button-text">FACEBOOK</span>
					</span>
					</a>
				</div>
								</div>
				</div>
				<div class="elementor-element elementor-element-1f01ab13 elementor-widget elementor-widget-button" data-id="1f01ab13" data-element_type="widget" data-widget_type="button.default">
				<div class="elementor-widget-container">
									<div class="elementor-button-wrapper">
					<a class="elementor-button elementor-button-link elementor-size-sm" href="#">
						<span class="elementor-button-content-wrapper">
									<span class="elementor-button-text">INSTAGRAM</span>
					</span>
					</a>
				</div>
								</div>
				</div>
				<div class="elementor-element elementor-element-7711acd5 elementor-widget elementor-widget-button" data-id="7711acd5" data-element_type="widget" data-widget_type="button.default">
				<div class="elementor-widget-container">
									<div class="elementor-button-wrapper">
					<a class="elementor-button elementor-button-link elementor-size-sm" href="#">
						<span class="elementor-button-content-wrapper">
									<span class="elementor-button-text">LINKENDIN</span>
					</span>
					</a>
				</div>
								</div>
				</div>
				<div class="elementor-element elementor-element-35bef125 elementor-widget elementor-widget-button" data-id="35bef125" data-element_type="widget" data-widget_type="button.default">
				<div class="elementor-widget-container">
									<div class="elementor-button-wrapper">
					<a class="elementor-button elementor-button-link elementor-size-sm" href="#">
						<span class="elementor-button-content-wrapper">
									<span class="elementor-button-text">BEHANCE</span>
					</span>
					</a>
				</div>
								</div>
				</div>
				</div>
					</div>
				</div>
				</div>
		]]></content:encoded>
					
					<wfw:commentRss>/portafolio/feed/</wfw:commentRss>
			<slash:comments>0</slash:comments>
		
		
			</item>
	</channel>
</rss>
